{
  "sections": {
      "section_h9mxz1qej3jesr": {
          "type": "product",
          "settings": {
              "product": "26357fbd-1afe-4c28-bd86-90b61b5a0dd7",
              "hide_gallery": false,
              "tag_text_color": "#FFFFFFFF",
              "tag_background_color": "#F4351FFF",
              "tag_position": "top_right",
              "space_top": 10,
              "space_bottom": 10,
              "tag_text": "جديد"
          },
          "blocks": {
              "block_he1oeqxkls34wvh": {
                  "type": "product_title",
                  "settings": {}
              },
              "block_hrhh0m9ug5b5b35": {
                  "type": "product_price",
                  "settings": {
                      "show_compare_at_price": true,
                      "show_price_tag_banner": true,
                      "price_tag_text": "خصم بقيمه 40% ",
                      "price_tag_background_color": "#F33520FF",
                      "price_tag_text_color": "#FFFFFFFF"
                  }
              },
              "block_hsriwdae616bilt": {
                  "type": "general_review",
                  "settings": {}
              },
              "block_i2eoqu7m2iiucz": {
                  "type": "countdown_timer",
                  "settings": {
                      "countdown_message": "عرض لفترة محدودة",
                      "background_color": "#000000",
                      "text_color": "#FFFFFF",
                      "countdown_year": 2024,
                      "countdown_month": 1,
                      "countdown_day": 14,
                      "countdown_hour": 0,
                      "countdown_minute": 0
                  }
              },
              "block_i6lxojzadperta": {
                  "type": "product_variants",
                  "settings": {}
              },
              "block_iaoudypbfhq1tml": {
                  "type": "product_quantity",
                  "settings": {}
              },
              "block_if2cpwbnymcw0s": {
                  "type": "product_description",
                  "settings": {}
              },
              "block_ilbyet7ddszqmf4": {
                  "type": "add_to_cart",
                  "settings": {
                      "text_content": "Add to cart",
                      "is_sticky": false,
                      "background_color": "#E7412FFF",
                      "text_color": "#FFFFFFFF",
                      "skip_cart": false
                  }
              },
              "block_ir42h43j14h24hd": {
                  "type": "express_checkout",
                  "settings": {
                      "express_checkout_cta": "اشتري الآن",
                      "form_title": "للطلب يرجى ملء هذا النموذج سنتصل بكم في أقرب وقت ممكن!",
                      "form_border_colour": "#F33520FF",
                      "is_sticky": true,
                      "input_border_radius": 4,
                      "input_text_size": 13,
                      "input_placeholder_color": "#A8A8A8FF",
                      "input_text_color": "#000000FF",
                      "input_background_color": "#FFFFFFFF",
                      "input_border_color": "#000000FF",
                      "button_background_color": "#E7412FFF",
                      "button_text_color": "#FFFFFFFF",
                      "button_border_radius": 4,
                      "button_padding": 10
                  }
              },
              "block_iuzkve0vzjzzby": {
                  "type": "accordion",
                  "settings": {
                      "accordion_title": "التوصيل",
                      "accordion_details": "<p>الشحن مجانا والدفع عند التسليم. يتم التوصيل عادةً في أيام عمل 1-3<\/p>",
                      "background_color": "#F7F7F7FF",
                      "text_color": "#000000FF",
                      "space_bottom": 14
                  }
              },
              "block_iw5iiomfkw08l7h": {
                  "type": "accordion",
                  "settings": {
                      "accordion_title": "سياسة الاسترجاع",
                      "accordion_details": "<p><span style=\"background-color: rgb(255, 255, 255); color: rgb(0, 0, 0);\">\"الإسترجاع خلال ثلاثة أيام والاستبدال خلال سبعة أيام من تاريخ الشراء<\/span><\/p>",
                      "background_color": "#F7F7F7FF",
                      "text_color": "#000000FF",
                      "space_bottom": 14
                  }
              },
              "block_ixcvoin5bpbpl3": {
                  "type": "accordion",
                  "settings": {
                      "accordion_title": "30 يوم ضمان",
                      "accordion_details": "<p><span style=\"background-color: rgb(255, 255, 255); color: rgb(0, 0, 0);\">جميع المنتجات المعروضة في متجرنا تخضع لسياسة الاستبدال واسترداد الأموال وفقًا للشروط والأحكام المبينة على هذه الصفحة.<\/span><\/p>",
                      "background_color": "#F7F7F7FF",
                      "text_color": "#000000FF",
                      "space_bottom": 14
                  }
              }
          },
          "order": [
              "block_he1oeqxkls34wvh",
              "block_hrhh0m9ug5b5b35",
              "block_hsriwdae616bilt",
              "block_i2eoqu7m2iiucz",
              "block_i6lxojzadperta",
              "block_iaoudypbfhq1tml",
              "block_ilbyet7ddszqmf4",
              "block_if2cpwbnymcw0s",
              "block_ir42h43j14h24hd",
              "block_iuzkve0vzjzzby",
              "block_iw5iiomfkw08l7h",
              "block_ixcvoin5bpbpl3"
          ]
      },
      "section_x3ortmneyjri6ol": {
          "type": "product-reviews",
          "settings": {
              "reviews_title": "توصيات من زبنائنا"
          }
      },
      "section_wznrmzoso3wlcud": {
          "type": "related-products",
          "settings": {
              "title": "منتجات مشابهة",
              "space_top": 20,
              "space_bottom": 20,
              "show_compare_at_price": true,
              "tag_text_color": "#FFFFFFFF",
              "tag_background_color": "#F4351FFF",
              "tag_position": "top_right",
              "duration_between_each_slide": 5,
              "slider_transition_type": "loop",
              "slider_autoplay": true,
              "slider_pause_on_hover": true,
              "slider_pause_on_focus": true,
              "slider_arrows": true,
              "slider_mobile_timeout": 5,
              "slider_mobile_transition_type": "loop",
              "slider_mobile_autoplay": true,
              "tag_text": ""
          }
      }
  },
  "order": [
      "section_h9mxz1qej3jesr",
      "section_x3ortmneyjri6ol",
      "section_wznrmzoso3wlcud"
  ]
}
