[
  {
      "label": "General Settings",
      "settings": [
          {
              "type": "text",
              "id": "meta_title",
              "label": "Title"
          },
          {
            "type": "checkbox",
            "id": "direct_add_to_cart",
            "label": "Direct add to cart",
            "default": false
          },
          {
              "type": "select",
              "id": "theme_direction",
              "label": "Theme direction",
              "options": [
                  {
                      "value": "rtl",
                      "label": "Right to left"
                  },
                  {
                      "value": "ltr",
                      "label": "left to right"
                  }
              ],
              "default": "rtl"
          },
          {
              "type": "text",
              "id": "meta_description",
              "label": "Meta description"
          },
          {
              "type": "text",
              "id": "meta_keywords",
              "label": "Meta keywords"
          },
          {
              "type": "image_picker",
              "id": "og_image",
              "label": "Meta open graph image"
          },
          {
              "type": "image_picker",
              "id": "favicon",
              "label": "Favicon"
          }
      ]
  },
  {
      "label": "Color Palette",
      "settings": [
          {
              "type": "paragraph",
              "content": "ℹ️ To offer a branded experience to your customers, make sure to also update the checkout color palette in the seller area (Settings > Checkout)."
          },
          {
              "type": "color",
              "id": "primary_color",
              "label": "Primary",
              "default": "#aa2e66"
          },
          {
              "type": "color",
              "id": "success_color",
              "label": "Success",
              "default": "#4AB380"
          },
          {
              "type": "color",
              "id": "error_color",
              "label": "Error",
              "default": "#773740"
          },
          {
              "type": "color",
              "id": "warning_color",
              "label": "Warning",
              "default": "#F2962F"
          },
          {
              "type": "color",
              "id": "neutral_color",
              "label": "Neutral",
              "default": "#16191B"
          },
          {
              "type": "color",
              "id": "neutral_light_color",
              "label": "Neutral light",
              "default": "#e3e3e3"
          }
      ]
  },
  {
      "label": "Additional Styles",
      "settings": [
          {
              "type": "select",
              "id": "font_family",
              "label": "Font family",
              "options": [
                  {
                      "value": "Roboto",
                      "label": "Roboto"
                  },
                  {
                      "value": "Noto+Kufi+Arabic",
                      "label": "Noto Kufi Arabic"
                  },
                  {
                      "value": "Readex Pro",
                      "label": "Readex Pro"
                  },
                  {
                      "value": "Almarai",
                      "label": "Almarai"
                  },
                  {
                      "value": "Noto Sans Arabic",
                      "label": "Noto Sans Arabic"
                  },
                  {
                      "value": "Cairo",
                      "label": "Cairo"
                  },
                  {
                      "value": "Open Sans",
                      "label": "Open Sans"
                  },
                  {
                      "value": "Lato",
                      "label": "Lato"
                  },
                  {
                      "value": "Oswald",
                      "label": "Oswald"
                  },
                  {
                      "value": "Raleway",
                      "label": "Raleway"
                  },
                  {
                      "value": "Montserrat",
                      "label": "Montserrat"
                  }
              ],
              "default": "Roboto"
          },
          {
              "type": "text",
              "id": "transition",
              "label": "Transition",
              "default": "all 0.3s ease-in-out"
          }
      ]
  },
  {
      "label": "Notification Toast",
      "settings": [
          {
              "type": "select",
              "id": "notification_toast_position",
              "label": "Position",
              "options": [
                  {
                      "value": "top-right",
                      "label": "Top right"
                  },
                  {
                      "value": "top-left",
                      "label": "Top left"
                  },
                  {
                      "value": "bottom-right",
                      "label": "Bottom right"
                  },
                  {
                      "value": "bottom-left",
                      "label": "Bottom left"
                  }
              ],
              "default": "top-right"
          },
          {
              "type": "range",
              "id": "notification_toast_height",
              "label": "Height",
              "min": 30,
              "max": 200,
              "step": 1,
              "unit": "px",
              "default": 50
          },
          {
              "type": "range",
              "id": "notification_toast_font_size",
              "label": "Text size",
              "min": 10,
              "max": 30,
              "step": 1,
              "unit": "px",
              "default": 16
          },
          {
              "type": "color",
              "id": "notification_toast_background_color",
              "label": "Background color",
              "default": "#222"
          },
          {
              "type": "color",
              "id": "notification_toast_text_color",
              "label": "Text color",
              "default": "#fff"
          },
          {
              "type": "range",
              "id": "notification_toast_border_radius",
              "label": "Border radius",
              "min": 0,
              "max": 50,
              "step": 1,
              "unit": "px",
              "default": 5
          },
          {
              "type": "range",
              "id": "notification_toast_border_width",
              "label": "Border width",
              "min": 0,
              "max": 10,
              "step": 1,
              "unit": "px",
              "default": 0
          },
          {
              "type": "color",
              "id": "notification_toast_border_color",
              "label": "Border color",
              "default": "#000"
          },
          {
              "type": "range",
              "id": "notification_toast_font_weight",
              "label": "Text weight",
              "min": 100,
              "max": 900,
              "step": 100,
              "default": 400
          }
      ]
  }
]
