{
  "sections": {
    "slideshow": {
      "type": "slideshow",
      "settings": {},
      "blocks": {
        "block_vsoodzp94jucnyw": {
          "type": "slide",
          "settings": {
            "heading": "Image Slide",
            "subheading": "An image is worth a thousand words",
            "button_text": "",
            "button_url": ""
          }
        },
        "block_vtkzzkhj6ktu1wd": {
          "type": "slide",
          "settings": {
            "heading": "Image Slide",
            "subheading": "An image is worth a thousand words",
            "button_text": "",
            "button_url": ""
          }
        },
        "block_vuqbovvp65o93b": {
          "type": "slide",
          "settings": {
            "heading": "Image Slide",
            "subheading": "An image is worth a thousand words",
            "button_text": "",
            "button_url": ""
          }
        }
      },
      "order": ["block_vsoodzp94jucnyw", "block_vtkzzkhj6ktu1wd", "block_vuqbovvp65o93b"]
    },
    "benefits": {
      "type": "benefits",
      "settings": {},
      "blocks": {
        "block_27a0r5mdz2apla": {
          "type": "benefit",
          "settings": {}
        },
        "block_2836m38mife3u48": {
          "type": "benefit",
          "settings": {}
        },
        "block_2qs8te5zv1jm85c": {
          "type": "benefit",
          "settings": {}
        },
        "block_2rp4zerhaunq6gl": {
          "type": "benefit",
          "settings": {}
        }
      },
      "order": ["block_27a0r5mdz2apla", "block_2836m38mife3u48", "block_2qs8te5zv1jm85c", "block_2rp4zerhaunq6gl"]
    },
    "products": {
      "type": "products",
      "settings": {},
      "blocks": {
        "block_4vmqjkrkxyhm21": {
          "type": "product",
          "settings": {
            "badge": "New!"
          }
        },
        "block_4wgcquxglateoq": {
          "type": "product",
          "settings": {}
        },
        "block_4xdalbti9qri4r": {
          "type": "product",
          "settings": {}
        },
        "block_4ybfkxz5nnr1or9": {
          "type": "product",
          "settings": {}
        }
      },
      "order": ["block_4vmqjkrkxyhm21", "block_4wgcquxglateoq", "block_4xdalbti9qri4r", "block_4ybfkxz5nnr1or9"]
    },
    "collections": {
      "type": "collections",
      "settings": {},
      "blocks": {
        "block_5jtk04r2cascr4jg": {
          "type": "collection",
          "settings": {
            "button_text": "View collection"
          }
        },
        "block_5ku61u18p9t96xm": {
          "type": "collection",
          "settings": {
            "button_text": "View collection"
          }
        },
        "block_5lx128uusjbekpc": {
          "type": "collection",
          "settings": {
            "button_text": "View collection"
          }
        }
      },
      "order": ["block_5jtk04r2cascr4jg", "block_5ku61u18p9t96xm", "block_5lx128uusjbekpc"]
    },
    "products-by-collection": {
      "type": "products-by-collection",
      "settings": {}
    },
    "about-us": {
      "type": "about-us",
      "settings": {}
    },
    "faq": {
      "type": "faq",
      "settings": {},
      "blocks": {
        "block_8qdtbwh8bgscjco": {
          "type": "faq",
          "settings": {
            "question": "Lorem ipsum dolor sit amet consectetur adipisicing elit.",
            "answer": "Lorem ipsum dolor sit amet consectetur adipisicing elit. Molestias impedit illo quam culpa rem eius, eveniet sunt beatae officia consequuntur."
          }
        },
        "block_8r7gkaxhjysi5v": {
          "type": "faq",
          "settings": {
            "question": "Lorem ipsum dolor sit amet consectetur adipisicing elit.",
            "answer": "Lorem ipsum dolor sit amet consectetur adipisicing elit. Molestias impedit illo quam culpa rem eius, eveniet sunt beatae officia consequuntur."
          }
        },
        "block_8s06pj4qt56vfll": {
          "type": "faq",
          "settings": {
            "question": "Lorem ipsum dolor sit amet consectetur adipisicing elit.",
            "answer": "Lorem ipsum dolor sit amet consectetur adipisicing elit. Molestias impedit illo quam culpa rem eius, eveniet sunt beatae officia consequuntur."
          }
        },
        "block_8spjukn8n4839w": {
          "type": "faq",
          "settings": {
            "question": "Lorem ipsum dolor sit amet consectetur adipisicing elit.",
            "answer": "Lorem ipsum dolor sit amet consectetur adipisicing elit. Molestias impedit illo quam culpa rem eius, eveniet sunt beatae officia consequuntur."
          }
        }
      },
      "order": ["block_8qdtbwh8bgscjco", "block_8r7gkaxhjysi5v", "block_8s06pj4qt56vfll", "block_8spjukn8n4839w"]
    },
    "socials": {
      "type": "socials",
      "blocks": {
        "block_6ii5to5839fqplj": {
          "type": "social",
          "settings": {
            "social_name": "facebook",
            "social_link": "https:\/\/www.facebook.com\/Youcandotshop"
          }
        },
        "block_6jcw0ctvtq6aa1rf": {
          "type": "social",
          "settings": {
            "social_name": "instagram",
            "social_link": "https:\/\/www.instagram.com\/youcandotshop"
          }
        },
        "block_6k62vifkgx1c2ng": {
          "type": "social",
          "settings": {
            "social_name": "tiktok",
            "social_link": "https:\/\/www.tiktok.com\/@youcantiktok"
          }
        },
        "block_6kwcjm0kaahhszc": {
          "type": "social",
          "settings": {
            "social_name": "x-twitter",
            "social_link": "https:\/\/x.com\/Youcandotshop"
          }
        }
      },
      "order": ["block_6ii5to5839fqplj", "block_6jcw0ctvtq6aa1rf", "block_6k62vifkgx1c2ng", "block_6kwcjm0kaahhszc"]
    }
  },
  "order": ["slideshow", "benefits", "products", "collections", "products-by-collection", "about-us", "faq", "socials"]
}
