{
  "current": {
    "cart_type": "drawer",
    "sections": {
      "announcement-bar": {
        "type": "announcement-bar",
        "settings": {}
      },
      "header": {
        "type": "header",
        "settings": {
          "logo_position": "middle-left",
          "menu": true,
          "menu_type_desktop": "mega",
          "sticky_header_type": "on-scroll-up",
          "show_line_separator": true,
          "enable_country_selector": true,
          "enable_language_selector": true,
          "mobile_logo_position": "center",
          "margin_bottom": 0,
          "padding_top": 20,
          "padding_bottom": 20
        }
      },
      "footer": {
        "type": "footer",
        "settings": {
          "show_social": true,
          "payment_enable": true,
          "margin_top": 48,
          "padding_top": 36,
          "padding_bottom": 36
        }
      }
    },
    "logo": "Persona_5_logo-2ZfjGHqFpl4IvRsRPAmpYRZCVBZ.png",
    "favicon": "Persona_5_logo-2ZfjGHqFpl4IvRsRPAmpYRZCVBZ.png",
    "logo_width": 90
  },
  "presets": {
    "Default": {}
  }
}
