[
  {
    "label": "t:common.theme.label",
    "settings": [
      {
        "type": "paragraph",
        "content": "t:common.theme_settings.primary_color.note"
      },
      {
        "type": "color",
        "id": "primary_color",
        "label": "t:common.theme_settings.primary_color.label",
        "default": "#4A5759"
      },
      {
        "type": "paragraph",
        "content": "t:common.theme_settings.theme_mode.note"
      },
      {
        "type": "select",
        "id": "theme_mode",
        "label": "t:common.theme_settings.theme_mode.label",
        "options": [
          {
            "value": "light",
            "label": "t:common.theme_settings.theme_mode.options.light"
          },
          {
            "value": "dark",
            "label": "t:common.theme_settings.theme_mode.options.dark"
          },
          {
            "value": "auto",
            "label": "t:common.theme_settings.theme_mode.options.auto"
          }
        ],
        "default": "light"
      },
      {
        "type": "paragraph",
        "content": "t:common.theme.note"
      },
      {
        "type": "select",
        "id": "theme_style",
        "label": "t:common.theme_settings.theme_style.label",
        "options": [
          {
            "value": "primary-low",
            "label": "t:common.theme.contrast.low"
          },
          {
            "value": "primary-high",
            "label": "t:common.theme.contrast.high"
          },
          {
            "value": "neutral",
            "label": "t:common.theme.contrast.neutral"
          }
        ],
        "default": "primary-low"
      },
      {
        "type": "paragraph",
        "content": "t:common.theme_settings.global_theme_style.note"
      },
      {
        "type": "checkbox",
        "id": "enable_global_theme_style",
        "label": "t:common.theme_settings.global_theme_style.label",
        "default": false
      }
    ]
  },
  {
    "label": "t:settings_schema.seo.label",
    "settings": [
      {
        "type": "header",
        "content": "t:settings_schema.seo.images"
      },
      {
        "type": "image_picker",
        "id": "favicon",
        "label": "t:settings_schema.seo.favicon_image"
      },
      {
        "type": "image_picker",
        "id": "og_image",
        "label": "t:settings_schema.seo.open_graph_image"
      },
      {
        "type": "paragraph",
        "content": "t:settings_schema.seo.og_image_learn_more"
      },
      {
        "type": "header",
        "content": "t:settings_schema.seo.meta_tags"
      },
      {
        "type": "text",
        "id": "keywords",
        "label": "t:settings_schema.seo.keywords"
      }
    ]
  },
  {
    "label": "t:settings_schema.typography.label",
    "settings": [
      {
        "type": "header",
        "content": "t:settings_schema.typography.font_family"
      },
      {
        "type": "select",
        "id": "font_family",
        "label": "t:settings_schema.typography.font_family_label",
        "options": [
          {
            "value": "DM+Sans",
            "label": "DM Sans"
          },
          {
            "value": "Roboto",
            "label": "Roboto"
          },
          {
            "value": "Open+Sans",
            "label": "Open Sans"
          },
          {
            "value": "Lato",
            "label": "Lato"
          },
          {
            "value": "Noto+Sans",
            "label": "Noto Sans"
          },
          {
            "value": "Noto+Serif",
            "label": "Noto Serif"
          },
          {
            "value": "Montserrat",
            "label": "Montserrat"
          },
          {
            "value": "Oswald",
            "label": "Oswald"
          },
          {
            "value": "Poppins",
            "label": "Poppins"
          },
          {
            "value": "Raleway",
            "label": "Raleway"
          },
          {
            "value": "Inter",
            "label": "Inter"
          },
          {
            "value": "PT+Sans",
            "label": "PT Sans"
          },
          {
            "value": "PT+Serif",
            "label": "PT Serif"
          },
          {
            "value": "Lora",
            "label": "Lora"
          },
          {
            "value": "Rubik",
            "label": "Rubik"
          },
          {
            "value": "Cairo",
            "label": "Cairo"
          },
          {
            "value": "Tajawal",
            "label": "Tajawal"
          },
          {
            "value": "Almarai",
            "label": "Almarai"
          },
          {
            "value": "Noto+Kufi+Arabic",
            "label": "Noto Kufi"
          },
          {
            "value": "Changa",
            "label": "Changa"
          },
          {
            "value": "Beiruti",
            "label": "Beiruti"
          }
        ],
        "default": "DM+Sans"
      },
      {
        "type": "paragraph",
        "content": "t:settings_schema.typography.suggestions"
      }
    ]
  },
  {
    "label": "t:settings_schema.checkout.label",
    "settings": [
      {
        "type": "header",
        "content": "t:settings_schema.checkout.types"
      },
      {
        "type": "select",
        "id": "checkout_type",
        "options": [
          {
            "value": "normal",
            "label": "t:settings_schema.checkout.normal"
          },
          {
            "value": "express",
            "label": "t:settings_schema.checkout.express"
          }
        ],
        "default": "normal",
        "label": "t:settings_schema.checkout.type"
      }
    ]
  }
]
